ID_Company,Name,UserEmail,UserName
7,Andressa Castelo Dias,andressacd@outlook.com,andressa
2,Camila Rocha Ribeiro,camilarr@zoho.com,camila
7,Danilo Pinto Moura,danilopm@outlook.com,danilo
3,Beatriz Cavalcanti Dias,beatrizcd@outlook.com,beatriz
3,Bianca Martins Rocha,biancamr@hotmail.com,bianca
3,Bruno Costa Martins,brunocm@outlook.com,bruno
5,Bruna Barros Freitas,brunabf@zoho.com,bruna
4,Clara Barbosa Pinto,clarabp@outlook.com,clara
7,Carlos Moura Cavalcanti,carlosmc@hotmail.com,carlos
2,Daniel Dias Castelo,danieldc@zoho.com,daniel
2,Daniela Silva Santos,danielass@icloud.com,daniela
2,Diego Oliveira Souza,diegoos@gmail.com,diego
3,Diogo Rodrigues Ferreira,diogorf@zoho.com,diogo
4,Eduardo Almeida Pereira,eduardoap@gmail.com,eduardo
9,Elisa Lima Gomes,elisalg@fastmail.com,elisa
5,Eloa Costa Martins,eloacm@icloud.com,eloa
3,Emanuel Rocha Ribeiro,emanuelrr@hotmail.com,emanuel
6,Emily Alves Monteiro,emilyam@gmail.com,emily
8,Enzo Mendes Barros,enzomb@fastmail.com,enzo
2,Erick Freitas Barbosa,erickfb@zoho.com,erick
4,Fabio Pinto Moura,fabiopm@hotmail.com,fabio
9,Felipe Cavalcanti Dias,felipecd@fastmail.com,felipe
3,Fernando Castelo Silva,fernandocs@icloud.com,fernando
2,Gabriel Santos Oliveira,gabrielso@zoho.com,gabriel
3,Gabriela Souza Rodrigues,gabrielasr@icloud.com,gabriela
8,Gustavo Ferreira Almeida,gustavoaf@hotmail.com,gustavo
7,Heloisa Pereira Lima,heloisapl@outlook.com,heloisa
9,Henrique Gomes Costa,henriquegc@hotmail.com,henrique
8,Hugo Martins Rocha,hugomr@outlook.com,hugo
1,Igor Ribeiro Alves,igorra@gmail.com,igor
1,Isis Monteiro Mendes,isismm@hotmail.com,isis
1,Joana Barros Freitas,joanabf@outlook.com,joana
4,Joao Barbosa Pinto,joaobp@icloud.com,joao
2,Julia Moura Cavalcanti,juliamc@hotmail.com,julia
9,Julio Dias Castelo,juliodc@gmail.com,julio
3,Lara Silva Santos,larass@outlook.com,lara
2,Lucas Oliveira Souza,lucasos@gmail.com,lucas
8,Luiz Rodrigues Ferreira,luizrf@hotmail.com,luiz
3,Luna Almeida Pereira,lunaap@zoho.com,luna
2,Mariana Lima Gomes,marianalg@zoho.com,mariana
